Age,Gender,Height (in cms),Weight (in kgs),Disease 1,Disease 2,Disease 3,Disease 4
18,Female,164.2,58.1,,,,
21,Male,179.3,74.5,,,,
17,Male,176.5,69.2,,,,
45,Female,161.8,75.3,Hypertension,Thyroid Disorder,,
19,Female,160.7,55.4,,,,
22,Male,181.1,78.2,,,,
16,Male,174.9,65.8,,,,
38,Male,178.1,90.4,Obesity,Hypertension,,
19,Female,163.5,57.2,Asthma,,,
52,Female,158.9,71.5,Hypertension,Joint Pain,,
17,Male,180.4,73.1,,,,
20,Female,166.3,61.8,,,,
18,Female,162.1,56,,,,
19,Male,177.6,70.9,,,,
63,Male,171.5,84.2,Diabetes,Hypertension,Joint Pain,
17,Female,165,59.3,PCOS,,,
21,Female,160.1,54.7,,,,
16,Male,175.8,68.1,,,,
35,Female,164.8,78.2,Obesity,PCOS,,
18,Male,179.9,75,,,,
48,Male,176.2,88.9,Obesity,Hypertension,Diabetes,
19,Male,182.3,77.4,,,,
22,Female,163.9,59.1,,,,
17,Female,161.4,55.8,,,,
70,Female,157.3,69.8,Joint Pain,Hypertension,Diabetes,
18,Male,178.6,71.7,,,,
28,Male,175.1,82.4,Hypertension,,,
16,Female,162.8,56.9,,,,
19,Male,180.8,74.2,,,,
21,Male,177.1,70.3,,,,
41,Female,166.5,80.1,Obesity,Thyroid Disorder,,
17,Female,164.5,58.5,,,,
19,Male,179.1,72.5,,,,
65,Male,173.8,85.1,Diabetes,Heart Disease,Hypertension,
18,Female,160.4,54.9,Migraine,,,
20,Male,178.3,73.8,,,,
17,Male,176.9,68.8,,,,
55,Female,161.2,73.4,Hypertension,Diabetes,,
19,Female,163,57.7,,,,
22,Female,165.7,60.9,PCOS,,,
18,Male,181.5,76.3,,,,
33,Male,174.5,86.2,Obesity,Hypertension,,
16,Female,161.9,56.2,,,,
21,Female,159.8,54.1,,,,
19,Male,179.6,72.9,,,,
58,Male,172.1,81.7,Hypertension,Diabetes,,
17,Female,164.1,58,,,,
18,Male,178.9,71.1,,,,
22,Male,180.2,76.9,,,,
46,Female,162.5,77.8,Obesity,Hypertension,,
19,Female,163.7,57.5,Asthma,,,
20,Female,165.2,60.2,,,,
17,Male,177.3,69.5,,,,
68,Female,158.4,70.5,Joint Pain,Hypertension,Cancer,
18,Female,160.9,55.3,,,,
25,Male,179.5,85,Hypertension,,,
19,Male,181.8,75.8,,,,
16,Female,162.3,56.6,,,,
21,Male,178,72.1,,,,
39,Female,164.3,74.1,Thyroid Disorder,,,
18,Male,179.7,73.3,,,,
17,Female,163.2,57.1,PCOS,,,
22,Female,166,61.3,,,,
19,Male,180.5,74.8,,,,
61,Male,173.1,83,Diabetes,Hypertension,,
18,Female,161.7,56.1,,,,
20,Male,178.8,72,,,,
17,Male,177.8,70,,,,
80,Male,168.9,67.2,Dementia,Joint Pain,,
19,Female,162.6,56.8,,,,
31,Male,182,95.3,Obesity,Hypertension,,
16,Female,160.2,54.6,,,,
21,Female,164.7,59.6,,,,
18,Male,179.2,71.5,,,,
51,Female,159.5,72.8,Hypertension,Diabetes,,
17,Male,178.5,70.6,,,,
19,Female,163.8,57.9,,,,
22,Male,180.9,77.8,,,,
16,Male,176.3,67.5,,,,
43,Male,175.6,89.1,Obesity,Hypertension,,
18,Female,162,56.4,,,,
20,Female,165.5,60.6,PCOS,,,
17,Male,179.4,72,,,,
66,Male,172.8,82.1,Diabetes,Hypertension,Joint Pain,
19,Female,161.3,55.7,,,,
21,Male,181.4,76.5,,,,
18,Male,178.2,70.8,,,,
49,Female,163.6,79.5,Obesity,Hypertension,Thyroid Disorder,
16,Female,160.8,55.2,,,,
22,Female,164.9,59.9,,,,
19,Male,180.1,73.6,,,,
17,Female,163.3,57.3,,,,
72,Female,158,68.1,Joint Pain,Diabetes,Hypertension,
18,Male,179.8,72.8,,,,
20,Male,177.5,71.2,,,,
19,Female,162.9,57,,,,
36,Female,165.8,81.3,Obesity,PCOS,,
17,Male,178.7,71,,,,
21,Female,160.5,55,,,,
18,Male,182,78,,,,
60,Female,159.1,74.2,Obesity,Hypertension,Joint Pain,
19,Male,180.6,74,,,,
16,Male,176,67,,,,
22,Male,179,75.5,,,,
42,Female,163.1,76,Hypertension,,,
17,Female,164.6,58.8,,,,
19,Female,161.6,56,Asthma,,,
20,Male,178.4,71.8,,,,
18,Male,179.4,72.2,,,,
75,Male,170.2,78.5,Diabetes,Heart Disease,Hypertension,Joint Pain
19,Female,163.4,57.4,,,,
21,Female,165.9,61.1,PCOS,,,
17,Male,177.9,70.4,,,,
30,Male,181.2,92.8,Obesity,Hypertension,,
16,Female,162.2,56.5,,,,
22,Female,164.4,59.4,,,,
18,Male,180.3,73.9,,,,
54,Male,174.1,87.3,Obesity,Hypertension,Diabetes,
19,Female,161.1,55.5,,,,
17,Female,163.6,57.6,,,,
20,Male,178.7,72.6,,,,
18,Male,179.9,73,,,,
47,Female,160.6,75,Obesity,Hypertension,Thyroid Disorder,
19,Male,181,75.3,,,,
21,Male,177.4,70.7,,,,
16,Female,162.7,56.9,,,,
67,Male,172.5,83.8,Hypertension,Diabetes,Joint Pain,
18,Female,164,58,,,,
22,Female,166.1,61.5,,,,
17,Male,178.1,70.5,,,,
19,Female,163.1,57.2,PCOS,,,
29,Female,165.4,79,Obesity,,,
18,Male,180.7,74.1,,,,
20,Female,164.8,59.8,,,,
19,Male,179.3,72.3,,,,
57,Female,159.3,73.1,Hypertension,Diabetes,Joint Pain,
17,Female,161.5,55.9,,,,
21,Male,178.9,73.4,,,,
18,Male,181.3,76,,,,
16,Female,162.4,56.7,,,,
82,Female,156.1,59.5,Dementia,Joint Pain,Hypertension,
19,Male,180,73.5,,,,
22,Male,180.4,77.2,,,,
17,Female,163.5,57.5,,,,
34,Female,166.8,82.1,Obesity,PCOS,Thyroid Disorder,
18,Male,179.6,72.7,,,,
20,Female,165.1,60.1,,,,
19,Male,181.6,75.5,,,,
64,Female,158.8,71,Hypertension,Diabetes,Joint Pain,
17,Male,177.7,70,,,,
19,Female,162.8,56.9,Asthma,,,
21,Male,178.6,72.9,,,,
18,Male,180.2,73.3,,,,
45,Male,176.6,91.2,Obesity,Hypertension,Diabetes,
16,Female,161,55.4,,,,
22,Female,164.2,59.2,,,,
19,Male,179.7,73,,,,
17,Female,163.7,57.8,,,,
20,Male,180.9,75.1,,,,
50,Female,162.1,76.5,Obesity,Hypertension,,
18,Male,178.4,71.2,,,,
19,Female,162.5,56.7,,,,
21,Male,179.1,73.8,,,,
17,Male,177.2,69.4,,,,
78,Male,170.9,75.1,Dementia,Hypertension,Joint Pain,
19,Female,164.1,58.2,,,,
22,Female,165.6,60.8,PCOS,,,
18,Male,181.9,76.8,,,,
32,Female,166.2,80.9,Obesity,,,
16,Female,161.8,56.1,,,,
20,Female,164.9,59.9,,,,
19,Male,180.4,73.8,,,,
62,Male,173.5,84.9,Diabetes,Hypertension,Heart Disease,
17,Female,163.3,57.3,,,,
19,Male,179,71.6,,,,
21,Female,165.3,60.4,,,,
18,Male,180.7,74.5,,,,
48,Female,161.4,77.1,Obesity,Hypertension,Thyroid Disorder,
17,Female,162.9,57,,,,
19,Male,181.1,75,,,,
20,Male,178.6,72.4,,,,
18,Female,163.9,58,,,,
73,Female,157.8,68.9,Joint Pain,Hypertension,Diabetes,
17,Male,177,69.1,,,,
19,Female,162.4,56.6,,,,
22,Male,180.1,76.5,,,,
18,Male,179.5,72.6,,,,
28,Female,166.9,83.2,Obesity,PCOS,,
16,Male,176.6,68,,,,
20,Female,164.3,59.3,,,,
19,Male,180.8,74.3,,,,
17,Female,163.1,57.1,,,,
59,Male,174.6,90.1,Obesity,Diabetes,Hypertension,
18,Male,179.2,71.9,,,,
21,Female,165,60,,,,
19,Female,162.7,56.9,,,,
17,Male,178.3,70.9,,,,
69,Male,171.9,82.5,Hypertension,Diabetes,Joint Pain,
18,Female,164.4,58.4,,,,
20,Male,179.9,73.2,,,,
22,Male,181.7,78.5,,,,
19,Female,163.4,57.4,,,,
37,Male,177.8,92.1,Obesity,Hypertension,,
17,Female,161.9,56.2,,,,
19,Male,180.6,74,,,,
21,Female,164.6,59.5,,,,
18,Male,179.1,72.1,,,,
53,Female,159.9,74.8,Obesity,Hypertension,Diabetes,
16,Male,176.4,67.7,,,,
18,Female,163,57,,,,
20,Female,165.8,61,PCOS,,,
19,Male,181.4,75.2,,,,
17,Male,178.6,71.3,,,,
44,Female,162.3,78.1,Obesity,Hypertension,,
19,Female,164.1,58.1,,,,
22,Male,180.3,77,,,,
18,Female,162.6,56.8,,,,
76,Male,170.5,76.2,Dementia,Hypertension,Joint Pain,
19,Male,179.8,73.1,,,,
17,Male,177.6,69.9,,,,
20,Female,164.5,59.4,,,,
18,Female,163.2,57.2,,,,
66,Female,158.6,72.1,Hypertension,Diabetes,Joint Pain,
19,Male,181.2,75.1,,,,
16,Female,161.7,56,,,,
21,Male,178.5,72.8,,,,
18,Male,179.4,72.4,,,,
40,Male,176.1,88.5,Obesity,Hypertension,,
19,Female,163.6,57.7,,,,
48,Male,176.1,88.2,Hypertension,Diabetes,,
21,Female,162.5,59.3,,,,
19,Male,180.3,75.1,,,,
18,Female,158.2,51.7,,,,
17,Male,175.4,63.8,,,,
72,Female,155.9,68.4,Joint Pain,Hypertension,Diabetes,
16,Female,165.1,58.8,,,,
23,Male,173.8,66.4,,,,
19,Female,159.4,54.1,PCOS,,,
61,Male,168.9,79.5,Hypertension,,,
45,Female,161.8,78.2,Hypertension,Thyroid Disorder,,
20,Male,178.6,71.2,,,,
78,Male,170.2,65.3,Dementia,Joint Pain,,
17,Female,159.3,53.5,,,,
17,Male,175.4,63.8,,,,
22,Female,166.3,60.1,,,,
68,Male,172,85.1,Diabetes,Hypertension,Heart Disease,
49,Male,181.1,95.3,Obesity,Hypertension,Diabetes,
18,Female,160.6,52.9,,,,
24,Male,177.3,80.4,Asthma,,,
71,Female,160.5,72.3,Joint Pain,Hypertension,Diabetes,
19,Female,163.7,55.8,PCOS,,,
53,Male,174.9,90.2,Obesity,Hypertension,Diabetes,
65,Female,156.8,66.1,Joint Pain,Hypertension,,
20,Male,182.4,74.5,,,,
19,Male,179.5,73.9,,,,
42,Female,168.1,85.3,Obesity,PCOS,Thyroid Disorder,
21,Female,159.9,53.2,,,,
51,Male,176.7,83.4,Hypertension,Diabetes,,
17,Female,161.4,58.1,,,,
18,Male,179.8,68.9,,,,
23,Female,164.2,57.6,Migraine,,,
62,Male,173.1,81.7,Diabetes,Hypertension,,
78,Female,153.7,55.9,Dementia,Joint Pain,,
19,Male,181.8,78.9,,,,
20,Female,161.3,56,,,,
56,Male,178,92.1,Obesity,Diabetes,Hypertension,Heart Disease
67,Female,160.1,75.3,Joint Pain,Hypertension,Diabetes,
22,Male,174.5,69.8,,,,
81,Male,167.9,64.2,Alzheimer's,Joint Pain,,
18,Female,163.4,57.9,,,,
19,Male,177.9,70.5,,,,
25,Female,165.8,58.3,PCOS,,,
64,Male,170.8,83.2,Hypertension,Diabetes,Joint Pain,
16,Female,162.2,54.4,,,,
18,Male,183.1,76.3,,,,
73,Female,157.1,65.8,Joint Pain,Diabetes,,
21,Female,162,55.1,Asthma,,,
48,Male,175.7,89.9,Obesity,Hypertension,,
19,Female,161.8,59.2,,,,
20,Male,179.2,72.4,,,,
77,Male,171.1,75.6,Diabetes,Hypertension,Joint Pain,
52,Female,164.5,82.1,Obesity,Hypertension,Thyroid Disorder,
23,Male,176.4,70.1,,,,
18,Female,164.9,57.8,,,,
19,Female,157.8,51.9,PCOS,,,
55,Male,172.6,91.3,Obesity,Diabetes,Hypertension,
70,Male,174,80.1,Hypertension,Diabetes,Heart Disease,
17,Female,166,60.5,,,,
22,Male,180.7,73.9,,,,
68,Female,156.2,67.6,Joint Pain,Hypertension,Cancer,
82,Female,154,52.1,Alzheimer's,Joint Pain,,
43,Male,177.5,93.2,Obesity,Hypertension,,
20,Female,163.1,56.8,Migraine,,,
19,Male,179.8,74.6,,,,
25,Male,175.1,68.3,,,,
72,Female,159.5,74.1,Joint Pain,Hypertension,Diabetes,
18,Female,161.7,54.7,PCOS,,,
50,Male,173.4,87.9,Obesity,Hypertension,,
17,Female,160.4,58.9,,,,
21,Male,178.8,71.7,,,,
76,Male,170.5,72.3,Dementia,Hypertension,Joint Pain,
49,Female,165.3,83.1,Obesity,Thyroid Disorder,Hypertension,
24,Female,167,61.2,Asthma,,,
16,Male,176,68.8,,,,
69,Male,172.3,77.5,Hypertension,Diabetes,Joint Pain,
19,Female,160.3,56.5,,,,
19,Male,181.5,75,,,,
22,Female,162.6,56.3,,,,
80,Female,155.2,54.8,Dementia,Joint Pain,,
60,Male,170,85,Obesity,Hypertension,Diabetes,
20,Male,177.1,70.9,,,,
57,Female,161.2,72,Hypertension,Joint Pain,Diabetes,
17,Female,164.8,58.9,PCOS,,,
51,Male,174.2,86.7,Hypertension,Diabetes,,
65,Male,171.7,80.3,Diabetes,Hypertension,Heart Disease,Joint Pain
18,Female,162.9,59.8,,,,
18,Male,179.5,72.1,,,,
71,Female,158,66.7,Joint Pain,Hypertension,,
22,Male,175.9,69.1,,,,
67,Male,173.3,82.5,Hypertension,Diabetes,Joint Pain,
42,Female,163.8,77.1,Hypertension,PCOS,Thyroid Disorder,
19,Female,160.7,54.2,Asthma,,,
79,Male,168.6,67.3,Dementia,Hypertension,,
53,Female,156.5,69.9,Hypertension,Diabetes,Joint Pain,
19,Male,180.1,73.5,,,,
21,Female,165.5,59,,,,
62,Male,171.2,86.3,Obesity,Hypertension,Diabetes,
18,Female,162.8,57.5,,,,
20,Male,178.3,71,,,,
74,Female,157.3,64.8,Joint Pain,Diabetes,,
47,Male,176.9,91.5,Obesity,Hypertension,Diabetes,
17,Female,164.1,57.3,,,,
85,Male,169.1,63.1,Alzheimer's,Joint Pain,Hypertension,
60,Female,158.6,75,Obesity,Hypertension,Joint Pain,
18,Female,162.2,55.5,PCOS,,,
23,Male,174.7,68,,,,
68,Male,172.8,83.8,Hypertension,Diabetes,Heart Disease,
51,Female,161.5,78.8,Obesity,Hypertension,,
22,Female,166.7,60.8,,,,
19,Male,180.3,75.7,,,,
72,Male,170.9,76.4,Diabetes,Hypertension,Joint Pain,
44,Female,160,74.2,Hypertension,,,
19,Male,182,75.8,,,,
16,Female,164.1,58.3,,,,
24,Male,176.2,70.3,,,,
81,Female,154.6,53.7,Dementia,Joint Pain,,
55,Male,173.7,89.1,Obesity,Hypertension,Diabetes,
19,Female,163.3,58.2,,,,
21,Female,158.9,52.8,,,,
64,Male,171.9,78.6,Hypertension,Diabetes,,
75,Female,156,67.1,Joint Pain,Hypertension,Cancer,
20,Male,179.9,72.9,,,,
23,Female,165,58,PCOS,Migraine,,
58,Male,177,94.3,Obesity,Diabetes,Hypertension,Heart Disease
18,Female,163.4,58.8,,,,
18,Male,178.5,70,,,,
78,Male,169.3,66,Dementia,Joint Pain,,
52,Female,162.7,79.1,Obesity,Hypertension,,
20,Female,161,55.3,,,,
19,Male,182.5,78.4,,,,
70,Female,158.1,70.5,Joint Pain,Hypertension,Diabetes,
22,Male,180.5,74.1,Asthma,,,
46,Female,160,89,,,,
16,Female,167,65,,,,
20,Male,163,78,,,,
19,Male,180,70,,,,
69,Male,180,69,,,,
20,Male,180,81,,,,
20,Male,183,65,,,,
19,Male,180,80,Hiv aids,Diabetes,Heart attack,Syphilis 
19,Male,175,70,myopia,insomnia,sinus,migraine
19,Male,175,155,Diabetes type 1,Diabetes type 2 ,Lung cancer ,Gay 
19,Male,160,56.3,,,,
19,Male,175,50,Common cold,,,
19,Male,167,53,,,,
19,Male,170,59,,,,
18,Female,170,50,,,,
16,Male,180,65,,,,
18,Female,163,49,Dust Allergy ,,,
55,Male,167,63,Diabetes,,,
20,Male,155,83,Obesity,,,
45,Female,153,56,Joint Pain,,,
51,Male,163,67,Diabetes,,,
19,Male,173,98,Obesity,Pancreatitis,Psoriasis,
24,Female,145,45,,,,
23,Female,156,45,Hairfall,,,
46,Female,160,89,Obesity,Thyroid,,
84,Male,158,56,Dementia,,,
76,Female,160,78,Alzheimer's,Diabetes,Breast cancer,
73,Male,167,63,Paralysis,,,
82,Male,165,92,Obesity,Asthma,,
56,Female,145,54,Diabetes,Joint Pain,,
28,Male,165,58,Sinus,,,
45,Female,150,61,Diabetes,,,
66,Male,154,52,Leprosy,Diabetes,,
50,Male,167,80,Ligament tear,Blood Pressure,,
54,Male,169,67,Cancer,,,
45,Female,145,45,Cancer,Baldness,,
16,Female,170,68,,,,
65,Female,145,56,Diabetes,,,
45,Female,156,51,Breast Cancer,,,
46,Female,160,85,,,,
23,Female,150,68,,,,
21,Female,153,58,,,,
18,Male,177,69,Appendicitis,,,
63,Female,149,45,Tuberculosis,,,
25,Male,178,125,Obesity,,,
19,Male,184,79,malaria,,,
72,Male,160,65,diabetes,heart problem,,
55,Male,175,88,Heart Bypass,,,
20,Female,152.4,75,Vertigo ,,,
72,Female,156,71,cancer,diabetes,BP ,
17,Female,152,50,,,,
17,Male,178,55,,,,
17,Female,175,68,asthma,typhoid ,,
18,Female,162,53,PCOS,PCOD,Anxiety ,
47,Female,163,90,Obesity,Thyroid,,
17,Female,161,55,Asthama ,,,
18,Female,155,50,Typhoid ,Tuberculosis ,,
17,Female,152.4,60,Asthama ,,,
17,Female,148.5,39,,,,
19,Male,171,58,,,,
92,Male,170,75,Heart Bypass,,,
17,Female,164.592,40,Asthma,BP,,
20,Female,154,57,,,,
20,Female,163,75,Alergic bronchitis ,,,
20,Female,160,65,Cancer,,,
20,Female,165,60,,,,
20,Female,158,55,,,,
28,Female,172,90,PCOD,Thyroid,,
68,Male,180,110,Diabetes,,,
18,Female,174,65,,,,
20,Female,175.26,110,,,,
55,Female,162,87,Claustrophobia,Joint Pain,,
65,Male,176,85,Blood pressure,,,
44,Male,177,88,Pancreatic cancer,,,
18,Female,142,65,PCOD,,,
62,Female,163,70,Lukemia,,,
18,Female,169,60,,,,
18,Male,175,63,Hemorrhoids,,,
19,Female,157,60,,,,
17,Female,157,53,Diabetes,BP,,
17,Female,164,54,,,,
21,Female,165,75,,,,
20,Male,178,70,,,,
57,Male,165,78,Diabetes,Heart issue,,
51,Female,178,78,,,,
41,Male,170,75,Hearing loss,,,
39,Female,163,65,,,,
19,Male,175,74,Urticaria,,,
17,Female,160,42,,,,
50,Male,165,73,Diabetes,,,
45,Female,158,55,Hearing loss,,,
19,Male,160,59,Asthma,,,
15,Male,160,53,,,,
62,Male,171,66,,,,
58,Female,162,58,,,,
20,Male,177,54,,,,
19,Female,157,61,,,,
51,Male,175,75,,,,
45,Female,165,65,,,,
22,Female,165,50,,,,
20,Male,175,67,,,,
71,Female,165,50,,,,
17,Female,5.2,49,Asthma ,,,
21,Female,150,80,Asthma ,,,
17,Female,165,49,,,,
18,Female,145,40,,,,
17,Female,163,69,,,,
18,Male,179,64,,,,
17,Male,185,85,,,,
76,Female,158,40,Joint pain,,,
20,Male,180,88,Depression ,,,
21,Male,178,65,,,,
20,Male,178,68,,,,
18,Male,160,45,,,,
20,Male,175,70,,,,
16,Male,177,65,,,,
48,Male,177,85,,,,
46,Female,155,70,,,,
17,Female,160,45,chicken pox,,,
17,Female,164,40,,,,
16,Female,165,65,,,,
18,Male,183,76,ADHD ,,,
